Date,ASX200,CPI,CashRate,Unemployment,GDP_real
1948-09-30,,3.7,,,
1948-10-31,,3.7,,,
1948-11-30,,3.7,,,
1948-12-31,,3.8,,,
1949-01-31,,3.8,,,
1949-02-28,,3.8,,,
1949-03-31,,3.9,,,
1949-04-30,,3.9,,,
1949-05-31,,3.9,,,
1949-06-30,,4.0,,,
1949-07-31,,4.0,,,
1949-08-31,,4.0,,,
1949-09-30,,4.1,,,
1949-10-31,,4.1,,,
1949-11-30,,4.1,,,
1949-12-31,,4.1,,,
1950-01-31,,4.1,,,
1950-02-28,,4.1,,,
1950-03-31,,4.2,,,
1950-04-30,,4.2,,,
1950-05-31,,4.2,,,
1950-06-30,,4.3,,,
1950-07-31,,4.3,,,
1950-08-31,,4.3,,,
1950-09-30,,4.4,,,
1950-10-31,,4.4,,,
1950-11-30,,4.4,,,
1950-12-31,,4.6,,,
1951-01-31,,4.6,,,
1951-02-28,,4.6,,,
1951-03-31,,4.8,,,
1951-04-30,,4.8,,,
1951-05-31,,4.8,,,
1951-06-30,,5.1,,,
1951-07-31,,5.1,,,
1951-08-31,,5.1,,,
1951-09-30,,5.3,,,
1951-10-31,,5.3,,,
1951-11-30,,5.3,,,
1951-12-31,,5.7,,,
1952-01-31,,5.7,,,
1952-02-29,,5.7,,,
1952-03-31,,5.9,,,
1952-04-30,,5.9,,,
1952-05-31,,5.9,,,
1952-06-30,,6.1,,,
1952-07-31,,6.1,,,
1952-08-31,,6.1,,,
1952-09-30,,6.2,,,
1952-10-31,,6.2,,,
1952-11-30,,6.2,,,
1952-12-31,,6.3,,,
1953-01-31,,6.3,,,
1953-02-28,,6.3,,,
1953-03-31,,6.3,,,
1953-04-30,,6.3,,,
1953-05-31,,6.3,,,
1953-06-30,,6.4,,,
1953-07-31,,6.4,,,
1953-08-31,,6.4,,,
1953-09-30,,6.5,,,
1953-10-31,,6.5,,,
1953-11-30,,6.5,,,
1953-12-31,,6.4,,,
1954-01-31,,6.4,,,
1954-02-28,,6.4,,,
1954-03-31,,6.5,,,
1954-04-30,,6.5,,,
1954-05-31,,6.5,,,
1954-06-30,,6.5,,,
1954-07-31,,6.5,,,
1954-08-31,,6.5,,,
1954-09-30,,6.5,,,
1954-10-31,,6.5,,,
1954-11-30,,6.5,,,
1954-12-31,,6.5,,,
1955-01-31,,6.5,,,
1955-02-28,,6.5,,,
1955-03-31,,6.5,,,
1955-04-30,,6.5,,,
1955-05-31,,6.5,,,
1955-06-30,,6.6,,,
1955-07-31,,6.6,,,
1955-08-31,,6.6,,,
1955-09-30,,6.6,,,
1955-10-31,,6.6,,,
1955-11-30,,6.6,,,
1955-12-31,,6.7,,,
1956-01-31,,6.7,,,
1956-02-29,,6.7,,,
1956-03-31,,6.7,,,
1956-04-30,,6.7,,,
1956-05-31,,6.7,,,
1956-06-30,,7.0,,,
1956-07-31,,7.0,,,
1956-08-31,,7.0,,,
1956-09-30,,7.1,,,
1956-10-31,,7.1,,,
1956-11-30,,7.1,,,
1956-12-31,,7.1,,,
1957-01-31,,7.1,,,
1957-02-28,,7.1,,,
1957-03-31,,7.1,,,
1957-04-30,,7.1,,,
1957-05-31,,7.1,,,
1957-06-30,,7.2,,,
1957-07-31,,7.2,,,
1957-08-31,,7.2,,,
1957-09-30,,7.2,,,
1957-10-31,,7.2,,,
1957-11-30,,7.2,,,
1957-12-31,,7.2,,,
1958-01-31,,7.2,,,
1958-02-28,,7.2,,,
1958-03-31,,7.2,,,
1958-04-30,,7.2,,,
1958-05-31,,7.2,,,
1958-06-30,,7.2,,,
1958-07-31,,7.2,,,
1958-08-31,,7.2,,,
1958-09-30,,7.2,,,
1958-10-31,,7.2,,,
1958-11-30,,7.2,,,
1958-12-31,,7.3,,,
1959-01-31,,7.3,,,
1959-02-28,,7.3,,,
1959-03-31,,7.3,,,
1959-04-30,,7.3,,,
1959-05-31,,7.3,,,
1959-06-30,,7.3,,,
1959-07-31,,7.3,,,
1959-08-31,,7.3,,,
1959-09-30,,7.4,,,78511.0
1959-10-31,,7.4,,,78511.0
1959-11-30,,7.4,,,78511.0
1959-12-31,,7.5,,,79357.0
1960-01-31,,7.5,,,79357.0
1960-02-29,,7.5,,,79357.0
1960-03-31,,7.5,,,80383.0
1960-04-30,,7.5,,,80383.0
1960-05-31,,7.5,,,80383.0
1960-06-30,,7.6,,,81436.0
1960-07-31,,7.6,,,81436.0
1960-08-31,,7.6,,,81436.0
1960-09-30,,7.7,,,82155.0
1960-10-31,,7.7,,,82155.0
1960-11-30,,7.7,,,82155.0
1960-12-31,,7.8,,,82304.0
1961-01-31,,7.8,,,82304.0
1961-02-28,,7.8,,,82304.0
1961-03-31,,7.8,,,81890.0
1961-04-30,,7.8,,,81890.0
1961-05-31,,7.8,,,81890.0
1961-06-30,,7.9,,,81319.0
1961-07-31,,7.9,,,81319.0
1961-08-31,,7.9,,,81319.0
1961-09-30,,7.8,,,81146.0
1961-10-31,,7.8,,,81146.0
1961-11-30,,7.8,,,81146.0
1961-12-31,,7.8,,,82013.0
1962-01-31,,7.8,,,82013.0
1962-02-28,,7.8,,,82013.0
1962-03-31,,7.8,,,83669.0
1962-04-30,,7.8,,,83669.0
1962-05-31,,7.8,,,83669.0
1962-06-30,,7.8,,,85268.0
1962-07-31,,7.8,,,85268.0
1962-08-31,,7.8,,,85268.0
1962-09-30,,7.8,,,86748.0
1962-10-31,,7.8,,,86748.0
1962-11-30,,7.8,,,86748.0
1962-12-31,,7.8,,,87866.0
1963-01-31,,7.8,,,87866.0
1963-02-28,,7.8,,,87866.0
1963-03-31,,7.8,,,88863.0
1963-04-30,,7.8,,,88863.0
1963-05-31,,7.8,,,88863.0
1963-06-30,,7.8,,,90226.0
1963-07-31,,7.8,,,90226.0
1963-08-31,,7.8,,,90226.0
1963-09-30,,7.9,,,91848.0
1963-10-31,,7.9,,,91848.0
1963-11-30,,7.9,,,91848.0
1963-12-31,,7.9,,,93598.0
1964-01-31,,7.9,,,93598.0
1964-02-29,,7.9,,,93598.0
1964-03-31,,8.0,,,94951.0
1964-04-30,,8.0,,,94951.0
1964-05-31,,8.0,,,94951.0
1964-06-30,,8.0,,,96055.0
1964-07-31,,8.0,,,96055.0
1964-08-31,,8.0,,,96055.0
1964-09-30,,8.1,,,97626.0
1964-10-31,,8.1,,,97626.0
1964-11-30,,8.1,,,97626.0
1964-12-31,,8.2,,,99444.0
1965-01-31,,8.2,,,99444.0
1965-02-28,,8.2,,,99444.0
1965-03-31,,8.2,,,100932.0
1965-04-30,,8.2,,,100932.0
1965-05-31,,8.2,,,100932.0
1965-06-30,,8.3,,,101901.0
1965-07-31,,8.3,,,101901.0
1965-08-31,,8.3,,,101901.0
1965-09-30,,8.4,,,102101.0
1965-10-31,,8.4,,,102101.0
1965-11-30,,8.4,,,102101.0
1965-12-31,,8.5,,,101981.0
1966-01-31,,8.5,,,101981.0
1966-02-28,,8.5,,,101981.0
1966-03-31,,8.6,,,102361.0
1966-04-30,,8.6,,,102361.0
1966-05-31,,8.6,,,102361.0
1966-06-30,,8.6,,,103533.0
1966-07-31,,8.6,,,103533.0
1966-08-31,,8.6,,,103533.0
1966-09-30,,8.6,,,105575.0
1966-10-31,,8.6,,,105575.0
1966-11-30,,8.6,,,105575.0
1966-12-31,,8.7,,,107916.0
1967-01-31,,8.7,,,107916.0
1967-02-28,,8.7,,,107916.0
1967-03-31,,8.8,,,109955.0
1967-04-30,,8.8,,,109955.0
1967-05-31,,8.8,,,109955.0
1967-06-30,,8.9,,,111717.0
1967-07-31,,8.9,,,111717.0
1967-08-31,,8.9,,,111717.0
1967-09-30,,9.0,,,112706.0
1967-10-31,,9.0,,,112706.0
1967-11-30,,9.0,,,112706.0
1967-12-31,,9.0,,,113333.0
1968-01-31,,9.0,,,113333.0
1968-02-29,,9.0,,,113333.0
1968-03-31,,9.1,,,114440.0
1968-04-30,,9.1,,,114440.0
1968-05-31,,9.1,,,114440.0
1968-06-30,,9.1,,,116636.0
1968-07-31,,9.1,,,116636.0
1968-08-31,,9.1,,,116636.0
1968-09-30,,9.2,,,119546.0
1968-10-31,,9.2,,,119546.0
1968-11-30,,9.2,,,119546.0
1968-12-31,,9.2,,,121919.0
1969-01-31,,9.2,,,121919.0
1969-02-28,,9.2,,,121919.0
1969-03-31,,9.4,,,123369.0
1969-04-30,,9.4,,,123369.0
1969-05-31,,9.4,,,123369.0
1969-06-30,,9.4,,,124911.0
1969-07-31,,9.4,,,124911.0
1969-08-31,,9.4,,,124911.0
1969-09-30,,9.5,,,127028.0
1969-10-31,,9.5,,,127028.0
1969-11-30,,9.5,,,127028.0
1969-12-31,,9.5,,,130000.0
1970-01-31,,9.5,,,130000.0
1970-02-28,,9.5,,,130000.0
1970-03-31,,9.6,,,132682.0
1970-04-30,,9.6,,,132682.0
1970-05-31,,9.6,,,132682.0
1970-06-30,,9.7,,,134486.0
1970-07-31,,9.7,,,134486.0
1970-08-31,,9.7,,,134486.0
1970-09-30,,9.8,,,135389.0
1970-10-31,,9.8,,,135389.0
1970-11-30,,9.8,,,135389.0
1970-12-31,,10.0,,,135831.0
1971-01-31,,10.0,,,135831.0
1971-02-28,,10.0,,,135831.0
1971-03-31,,10.1,,,136975.0
1971-04-30,,10.1,,,136975.0
1971-05-31,,10.1,,,136975.0
1971-06-30,,10.2,,,139097.0
1971-07-31,,10.2,,,139097.0
1971-08-31,,10.2,,,139097.0
1971-09-30,,10.5,,,140695.0
1971-10-31,,10.5,,,140695.0
1971-11-30,,10.5,,,140695.0
1971-12-31,,10.7,,,141444.0
1972-01-31,,10.7,,,141444.0
1972-02-29,,10.7,,,141444.0
1972-03-31,,10.8,,,141618.0
1972-04-30,,10.8,,,141618.0
1972-05-31,,10.8,,,141618.0
1972-06-30,,10.9,,,141784.0
1972-07-31,,10.9,,,141784.0
1972-08-31,,10.9,,,141784.0
1972-09-30,,11.1,,,142970.0
1972-10-31,,11.1,,,142970.0
1972-11-30,,11.1,,,142970.0
1972-12-31,,11.2,,,144682.0
1973-01-31,,11.2,,,144682.0
1973-02-28,,11.2,,,144682.0
1973-03-31,,11.4,,,146385.0
1973-04-30,,11.4,,,146385.0
1973-05-31,,11.4,,,146385.0
1973-06-30,,11.8,,,148379.0
1973-07-31,,11.8,,,148379.0
1973-08-31,,11.8,,,148379.0
1973-09-30,,12.2,,,150486.0
1973-10-31,,12.2,,,150486.0
1973-11-30,,12.2,,,150486.0
1973-12-31,,12.6,,,151984.0
1974-01-31,,12.6,,,151984.0
1974-02-28,,12.6,,,151984.0
1974-03-31,,13.0,,,152352.0
1974-04-30,,13.0,,,152352.0
1974-05-31,,13.0,,,152352.0
1974-06-30,,13.5,,,151712.0
1974-07-31,,13.5,,,151712.0
1974-08-31,,13.5,,,151712.0
1974-09-30,,14.2,,,151113.0
1974-10-31,,14.2,,,151113.0
1974-11-30,,14.2,,,151113.0
1974-12-31,,14.7,,,152075.0
1975-01-31,,14.7,,,152075.0
1975-02-28,,14.7,,,152075.0
1975-03-31,,15.3,,,154104.0
1975-04-30,,15.3,,,154104.0
1975-05-31,,15.3,,,154104.0
1975-06-30,,15.8,,,155123.0
1975-07-31,,15.8,,,155123.0
1975-08-31,,15.8,,,155123.0
1975-09-30,,15.9,,,155531.0
1975-10-31,,15.9,,,155531.0
1975-11-30,,15.9,,,155531.0
1975-12-31,,16.8,,,156251.0
1976-01-31,,16.8,,,156251.0
1976-02-29,,16.8,,,156251.0
1976-03-31,,17.3,,,158117.0
1976-04-30,,17.3,,,158117.0
1976-05-31,,17.3,,,158117.0
1976-06-30,,17.7,,,160794.0
1976-07-31,,17.7,,,160794.0
1976-08-31,,17.7,,,160794.0
1976-09-30,,18.1,,,162233.0
1976-10-31,,18.1,,,162233.0
1976-11-30,,18.1,,,162233.0
1976-12-31,,19.2,,,162740.0
1977-01-31,,19.2,,,162740.0
1977-02-28,,19.2,,,162740.0
1977-03-31,,19.6,,,163499.0
1977-04-30,,19.6,,,163499.0
1977-05-31,,19.6,,,163499.0
1977-06-30,,20.1,,,163889.0
1977-07-31,,20.1,,,163889.0
1977-08-31,,20.1,,,163889.0
1977-09-30,,20.5,,,163974.0
1977-10-31,,20.5,,,163974.0
1977-11-30,,20.5,,,163974.0
1977-12-31,,21.0,,,164011.0
1978-01-31,,21.0,,,164011.0
1978-02-28,,21.0,,6.6442911,164011.0
1978-03-31,,21.3,,6.3024421,164628.0
1978-04-30,,21.3,,6.2672065,164628.0
1978-05-31,,21.3,,6.209211,164628.0
1978-06-30,,21.7,,6.3037679,166092.0
1978-07-31,,21.7,,6.2216724,166092.0
1978-08-31,,21.7,,6.4899187,166092.0
1978-09-30,,22.1,,6.255235,168478.0
1978-10-31,,22.1,,6.1628958,168478.0
1978-11-30,,22.1,,6.3309576,168478.0
1978-12-31,,22.6,,6.4052102,170914.0
1979-01-31,,22.6,,6.3698963,170914.0
1979-02-28,,22.6,,6.2568269,170914.0
1979-03-31,,23.0,,6.3027144,172384.0
1979-04-30,,23.0,,6.4981454,172384.0
1979-05-31,,23.0,,6.2034645,172384.0
1979-06-30,,23.6,,6.2515024,173146.0
1979-07-31,,23.6,,6.2719541,173146.0
1979-08-31,,23.6,,6.11784,173146.0
1979-09-30,,24.2,,6.231717,174178.0
1979-10-31,,24.2,,6.3833705,174178.0
1979-11-30,,24.2,,6.0447496,174178.0
1979-12-31,,24.9,,6.1199575,175799.0
1980-01-31,,24.9,,6.1457051,175799.0
1980-02-29,,24.9,,5.998376,175799.0
1980-03-31,,25.4,,5.9362264,177385.0
1980-04-30,,25.4,,6.114334,177385.0
1980-05-31,,25.4,,6.2457145,177385.0
1980-06-30,,26.2,,6.323136,178334.0
1980-07-31,,26.2,,6.0745387,178334.0
1980-08-31,,26.2,,6.1767956,178334.0
1980-09-30,,26.6,,6.1403782,179487.0
1980-10-31,,26.6,,6.0548003,179487.0
1980-11-30,,26.6,,5.8500683,179487.0
1980-12-31,,27.2,,6.050877,181160.0
1981-01-31,,27.2,,5.9161225,181160.0
1981-02-28,,27.2,,5.6162099,181160.0
1981-03-31,,27.8,,5.7456702,183474.0
1981-04-30,,27.8,,5.5546941,183474.0
1981-05-31,,27.8,,5.58861,183474.0
1981-06-30,,28.4,,5.3743192,186114.0
1981-07-31,,28.4,,5.8246662,186114.0
1981-08-31,,28.4,,5.845852,186114.0
1981-09-30,,29.0,,5.8114676,187939.0
1981-10-31,,29.0,,5.8721835,187939.0
1981-11-30,,29.0,,5.9948772,187939.0
1981-12-31,,30.2,,6.0266864,188573.0
1982-01-31,,30.2,,5.9824631,188573.0
1982-02-28,,30.2,,6.3080243,188573.0
1982-03-31,,30.8,,6.322527,188368.0
1982-04-30,,30.8,,6.3329063,188368.0
1982-05-31,,30.8,,6.5925341,188368.0
1982-06-30,,31.5,,6.7670245,187906.0
1982-07-31,,31.5,,6.8796609,187906.0
1982-08-31,,31.5,,7.0110937,187906.0
1982-09-30,,32.6,,7.4288063,186870.0
1982-10-31,,32.6,,8.294625,186870.0
1982-11-30,,32.6,,8.6790873,186870.0
1982-12-31,,33.6,,9.4014573,184602.0
1983-01-31,,33.6,,9.3000882,184602.0
1983-02-28,,33.6,,9.6580764,184602.0
1983-03-31,,34.3,,9.9507843,182817.0
1983-04-30,,34.3,,10.1518353,182817.0
1983-05-31,,34.3,,10.3226126,182817.0
1983-06-30,,35.0,,10.2047256,183450.0
1983-07-31,,35.0,,10.5206512,183450.0
1983-08-31,,35.0,,10.2182892,183450.0
1983-09-30,,35.6,,10.3371134,186590.0
1983-10-31,,35.6,,10.0076453,186590.0
1983-11-30,,35.6,,9.6538521,186590.0
1983-12-31,,36.5,,9.4567741,190876.0
1984-01-31,,36.5,,9.4985779,190876.0
1984-02-29,,36.5,,9.3851569,190876.0
1984-03-31,,36.3,,9.2075202,194757.0
1984-04-30,,36.3,,9.3699813,194757.0
1984-05-31,,36.3,,8.9359769,194757.0
1984-06-30,,36.4,,9.0970976,197384.0
1984-07-31,,36.4,,8.9181638,197384.0
1984-08-31,,36.4,,8.8277366,197384.0
1984-09-30,,36.9,,8.7341494,199152.0
1984-10-31,,36.9,,8.6951279,199152.0
1984-11-30,,36.9,,8.6787765,199152.0
1984-12-31,,37.4,,8.5190187,201022.0
1985-01-31,,37.4,,8.5491277,201022.0
1985-02-28,,37.4,,8.3888786,201022.0
1985-03-31,,37.9,,8.6646122,204096.0
1985-04-30,,37.9,,8.4014224,204096.0
1985-05-31,,37.9,,8.3752084,204096.0
1985-06-30,,38.8,,8.5726305,207470.0
1985-07-31,,38.8,,8.3074461,207470.0
1985-08-31,,38.8,,8.1547066,207470.0
1985-09-30,,39.7,,8.0567218,209944.0
1985-10-31,,39.7,,7.8483791,209944.0
1985-11-30,,39.7,,7.949912,209944.0
1985-12-31,,40.5,,7.784221,210948.0
1986-01-31,,40.5,,7.8041261,210948.0
1986-02-28,,40.5,,8.0022224,210948.0
1986-03-31,,41.4,,7.9258429,210977.0
1986-04-30,,41.4,,7.9005769,210977.0
1986-05-31,,41.4,,7.8459396,210977.0
1986-06-30,,42.1,,7.6541312,211296.0
1986-07-31,,42.1,,8.1068152,211296.0
1986-08-31,,42.1,,8.2383542,211296.0
1986-09-30,,43.2,,8.3374464,212480.0
1986-10-31,,43.2,,8.3095199,212480.0
1986-11-30,,43.2,,8.3183941,212480.0
1986-12-31,,44.4,,8.3629793,214573.0
1987-01-31,,44.4,,8.1855787,214573.0
1987-02-28,,44.4,,8.210107,214573.0
1987-03-31,,45.3,,8.4337673,217519.0
1987-04-30,,45.3,,8.3001171,217519.0
1987-05-31,,45.3,,8.2011898,217519.0
1987-06-30,,46.0,,8.0089995,221128.0
1987-07-31,,46.0,,8.0737637,221128.0
1987-08-31,,46.0,,8.1044059,221128.0
1987-09-30,,46.8,,7.7546219,225085.0
1987-10-31,,46.8,,8.0853649,225085.0
1987-11-30,,46.8,,7.9304691,225085.0
1987-12-31,,47.6,,7.7278936,228388.0
1988-01-31,,47.6,,7.6303963,228388.0
1988-02-29,,47.6,,7.4160123,228388.0
1988-03-31,,48.4,,7.5020606,230093.0
1988-04-30,,48.4,,7.9128367,230093.0
1988-05-31,,48.4,,7.45064,230093.0
1988-06-30,,49.3,,7.582262,231130.0
1988-07-31,,49.3,,6.7556263,231130.0
1988-08-31,,49.3,,7.0676676,231130.0
1988-09-30,,50.2,,6.9337792,232682.0
1988-10-31,,50.2,,6.8174155,232682.0
1988-11-30,,50.2,,6.6120739,232682.0
1988-12-31,,51.2,,6.8323976,235578.0
1989-01-31,,51.2,,6.8073014,235578.0
1989-02-28,,51.2,,6.6369124,235578.0
1989-03-31,,51.7,,6.343298,239378.0
1989-04-30,,51.7,,6.2001706,239378.0
1989-05-31,,51.7,,6.2791164,239378.0
1989-06-30,,53.0,,6.0117005,242728.0
1989-07-31,,53.0,,6.0421976,242728.0
1989-08-31,,53.0,,5.9432967,242728.0
1989-09-30,,54.2,,6.0304089,244891.0
1989-10-31,,54.2,,5.9237278,244891.0
1989-11-30,,54.2,,5.7861464,244891.0
1989-12-31,,55.2,,5.8480772,246038.0
1990-01-31,,55.2,,6.1127,246038.0
1990-02-28,,55.2,,6.3909598,246038.0
1990-03-31,,56.2,,6.1874536,246378.0
1990-04-30,,56.2,,6.2793814,246378.0
1990-05-31,,56.2,,6.5038667,246378.0
1990-06-30,,57.1,,6.608395,246788.0
1990-07-31,,57.1,,7.0960411,246788.0
1990-08-31,,57.1,14.0,7.2108343,246788.0
1990-09-30,,57.5,14.0,7.3736158,246733.0
1990-10-31,,57.5,13.0,7.6369733,246733.0
1990-11-30,,57.5,13.0,7.9454734,246733.0
1990-12-31,,59.0,12.0,8.0194359,245810.0
1991-01-31,,59.0,12.0,8.396025,245810.0
1991-02-28,,59.0,12.0,8.6161636,245810.0
1991-03-31,,58.9,12.0,9.1850023,244752.0
1991-04-30,,58.9,11.5,9.8614865,244752.0
1991-05-31,,58.9,10.5,9.5021111,244752.0
1991-06-30,,59.0,10.5,9.5546756,244028.0
1991-07-31,,59.0,10.5,9.6767826,244028.0
1991-08-31,,59.0,10.5,9.7905553,244028.0
1991-09-30,,59.3,9.5,10.0320455,244132.0
1991-10-31,,59.3,9.5,9.987378,244132.0
1991-11-30,,59.3,8.5,10.1977355,244132.0
1991-12-31,,59.9,8.5,10.4744407,245193.0
1992-01-31,,59.9,7.5,10.3462328,245193.0
1992-02-29,,59.9,7.5,10.4045699,245193.0
1992-03-31,,59.9,7.5,10.4980533,246480.0
1992-04-30,,59.9,7.5,10.4717315,246480.0
1992-05-31,,59.9,6.5,10.6189539,246480.0
1992-06-30,1665.9,59.7,6.5,10.8104872,248650.0
1992-07-31,1633.3,59.7,5.75,11.1374608,248650.0
1992-08-31,1557.9,59.7,5.75,10.7219227,248650.0
1992-09-30,1487.9,59.8,5.75,10.616153,251840.0
1992-10-31,1428.8,59.8,5.75,11.091486,251840.0
1992-11-30,1456.4,59.8,5.75,11.1364125,251840.0
1992-12-31,1564.7,60.1,5.75,11.2184052,255295.0
1993-01-31,1536.5,60.1,5.75,10.8336754,255295.0
1993-02-28,1620.2,60.1,5.75,11.0140406,255295.0
1993-03-31,1674.5,60.6,5.25,10.8588864,257776.0
1993-04-30,1685.2,60.6,5.25,10.7663816,257776.0
1993-05-31,1737.4,60.6,5.25,10.7867651,257776.0
1993-06-30,1734.6,60.8,5.25,10.9920657,259190.0
1993-07-31,1837.1,60.8,4.75,10.9455357,259190.0
1993-08-31,1961.6,60.8,4.75,10.9828437,259190.0
1993-09-30,1919.8,61.1,4.75,10.7411384,261024.0
1993-10-31,2070.6,61.1,4.75,10.9576043,261024.0
1993-11-30,1953.7,61.1,4.75,10.9491969,261024.0
1993-12-31,2113.6,61.2,4.75,10.7574772,264421.0
1994-01-31,2244.4,61.2,4.75,10.5688337,264421.0
1994-02-28,2112.0,61.2,4.75,10.3987324,264421.0
1994-03-31,1980.1,61.5,4.75,10.3539246,268445.0
1994-04-30,2004.2,61.5,4.75,10.0630485,268445.0
1994-05-31,2021.2,61.5,4.75,9.7671537,268445.0
1994-06-30,1931.1,61.9,4.75,9.8187282,272119.0
1994-07-31,2003.5,61.9,4.75,9.632273,272119.0
1994-08-31,2063.9,61.9,5.5,9.4445525,272119.0
1994-09-30,1967.7,62.3,5.5,9.353746,274701.0
1994-10-31,1980.9,62.3,6.5,9.092655,274701.0
1994-11-30,1833.8,62.3,6.5,9.1430124,274701.0
1994-12-31,1857.4,62.8,7.5,8.9358113,276126.0
1995-01-31,1784.7,62.8,7.5,8.8573419,276126.0
1995-02-28,1881.1,62.8,7.5,8.8232142,276126.0
1995-03-31,1867.1,63.8,7.5,8.6170927,277618.0
1995-04-30,2006.5,63.8,7.5,8.2673639,277618.0
1995-05-31,1981.4,63.8,7.5,8.4747138,277618.0
1995-06-30,1981.0,64.7,7.5,8.3527821,279765.0
1995-07-31,2083.3,64.7,7.5,8.4272817,279765.0
1995-08-31,2094.3,64.7,7.5,8.31986,279765.0
1995-09-30,2091.3,65.5,7.5,8.3624504,282745.0
1995-10-31,2029.7,65.5,7.5,8.5751131,282745.0
1995-11-30,2113.2,65.5,7.5,8.4520506,282745.0
1995-12-31,2154.9,66.0,7.5,8.1444304,285981.0
1996-01-31,2227.8,66.0,7.5,8.4547474,285981.0
1996-02-29,2228.2,66.0,7.5,8.3267304,285981.0
1996-03-31,2164.0,66.2,7.5,8.421101,288613.0
1996-04-30,2248.7,66.2,7.5,8.5780969,288613.0
1996-05-31,2198.0,66.2,7.5,8.4143481,288613.0
1996-06-30,2171.8,66.7,7.5,8.2544571,291014.0
1996-07-31,2114.1,66.7,7.0,8.5681037,291014.0
1996-08-31,2196.1,66.7,7.0,8.722275,291014.0
1996-09-30,2218.6,66.9,7.0,8.5759647,293183.0
1996-10-31,2286.2,66.9,7.0,8.7594889,293183.0
1996-11-30,2325.9,66.9,6.5,8.4706921,293183.0
1996-12-31,2367.8,67.0,6.0,8.6306583,295962.0
1997-01-31,2370.7,67.0,6.0,8.5659154,295962.0
1997-02-28,2386.0,67.0,6.0,8.7026423,295962.0
1997-03-31,2360.5,67.1,6.0,8.59235,300054.0
1997-04-30,2424.1,67.1,6.0,8.5683442,300054.0
1997-05-31,2544.9,67.1,5.5,8.5474538,300054.0
1997-06-30,2664.7,66.9,5.5,8.331105,304646.0
1997-07-31,2673.7,66.9,5.0,8.5894125,304646.0
1997-08-31,2526.8,66.9,5.0,8.4649429,304646.0
1997-09-30,2703.1,66.6,5.0,8.0675754,308617.0
1997-10-31,2415.0,66.6,5.0,8.0332333,308617.0
1997-11-30,2424.1,66.6,5.0,7.9869333,308617.0
1997-12-31,2567.4,66.8,5.0,7.9104492,311370.0
1998-01-31,2600.8,66.8,5.0,7.8650531,311370.0
1998-02-28,2626.9,66.8,5.0,7.7723795,311370.0
1998-03-31,2686.0,67.0,5.0,7.8835292,313958.0
1998-04-30,2709.0,67.0,5.0,7.6037722,313958.0
1998-05-31,2655.3,67.0,5.0,7.7648394,313958.0
1998-06-30,2620.1,67.4,5.0,7.8322262,317973.0
1998-07-31,2661.3,67.4,5.0,7.9746808,317973.0
1998-08-31,2430.1,67.4,5.0,7.7552089,317973.0
1998-09-30,2511.3,67.5,5.0,7.6335862,322748.0
1998-10-31,2563.0,67.5,5.0,7.3137386,322748.0
1998-11-30,2685.6,67.5,5.0,7.626238,322748.0
1998-12-31,2717.6,67.8,4.75,7.1836632,327218.0
1999-01-31,2781.7,67.8,4.75,7.1190305,327218.0
1999-02-28,2768.4,67.8,4.75,7.11507,327218.0
1999-03-31,2867.0,67.8,4.75,7.0127398,330135.0
1999-04-30,3027.8,67.8,4.75,6.9795046,330135.0
1999-05-31,2831.9,67.8,4.75,7.0249339,330135.0
1999-06-30,2903.7,68.1,4.75,6.6532056,332676.0
1999-07-31,2951.0,68.1,4.75,6.675263,332676.0
1999-08-31,2875.7,68.1,4.75,6.9057203,332676.0
1999-09-30,2817.0,68.7,4.75,7.0412456,335965.0
1999-10-31,2821.4,68.7,4.75,6.7764185,335965.0
1999-11-30,2970.3,68.7,5.0,6.4400626,335965.0
1999-12-31,3117.7,69.1,5.0,6.6844127,339849.0
2000-01-31,3080.2,69.1,5.0,6.767939,339849.0
2000-02-29,3124.6,69.1,5.5,6.6190159,339849.0
2000-03-31,3133.3,69.7,5.5,6.5650919,343319.0
2000-04-30,3115.8,69.7,5.75,6.3763307,343319.0
2000-05-31,3081.0,69.7,6.0,6.4143034,343319.0
2000-06-30,3311.2,70.2,6.0,6.1148907,345207.0
2000-07-31,3251.1,70.2,6.0,5.954076,345207.0
2000-08-31,3297.8,70.2,6.25,6.0513215,345207.0
2000-09-30,3298.8,72.9,6.25,5.9630303,345920.0
2000-10-31,3254.6,72.9,6.25,6.0098167,345920.0
2000-11-30,3274.6,72.9,6.25,6.2617568,345920.0
2000-12-31,3206.2,73.1,6.25,6.2438457,346655.0
2001-01-31,3341.7,73.1,6.25,6.1402368,346655.0
2001-02-28,3326.5,73.1,5.75,6.5017709,346655.0
2001-03-31,3147.2,73.9,5.5,6.4587579,348372.0
2001-04-30,3329.4,73.9,5.0,6.7823256,348372.0
2001-05-31,3379.1,73.9,5.0,6.8928028,348372.0
2001-06-30,3490.3,74.5,5.0,6.9327147,351764.0
2001-07-31,3324.5,74.5,5.0,6.8798703,351764.0
2001-08-31,3275.6,74.5,5.0,6.8808959,351764.0
2001-09-30,3049.5,74.7,4.75,6.8416403,355669.0
2001-10-31,3249.6,74.7,4.5,7.1935023,355669.0
2001-11-30,3337.4,74.7,4.5,6.8829971,355669.0
2001-12-31,3422.3,75.4,4.25,6.8613152,359744.0
2002-01-31,3464.2,75.4,4.25,6.9130746,359744.0
2002-02-28,3414.3,75.4,4.25,6.5363026,359744.0
2002-03-31,3414.8,76.1,4.25,6.4303264,363906.0
2002-04-30,3350.0,76.1,4.25,6.3454237,363906.0
2002-05-31,3373.6,76.1,4.5,6.3723239,363906.0
2002-06-30,3216.0,76.6,4.75,6.4956767,367720.0
2002-07-31,3086.2,76.6,4.75,6.1796482,367720.0
2002-08-31,3120.1,76.6,4.75,6.3489793,367720.0
2002-09-30,2970.9,77.1,4.75,6.3120107,370722.0
2002-10-31,3042.9,77.1,4.75,6.1282463,370722.0
2002-11-30,3061.4,77.1,4.75,6.1623858,370722.0
2002-12-31,3007.1,77.6,4.75,6.182098,372434.0
2003-01-31,2956.9,77.6,4.75,6.0808633,372434.0
2003-02-28,2800.9,77.6,4.75,5.954831,372434.0
2003-03-31,2885.2,78.6,4.75,6.1312404,373818.0
2003-04-30,3007.5,78.6,4.75,6.0294479,373818.0
2003-05-31,3011.0,78.6,4.75,6.0689082,373818.0
2003-06-30,3026.9,78.6,4.75,6.0545627,376893.0
2003-07-31,3122.3,78.6,4.75,6.1278353,376893.0
2003-08-31,3199.7,78.6,4.75,5.8177202,376893.0
2003-09-30,3169.5,79.1,4.75,5.7752887,381735.0
2003-10-31,3272.0,79.1,4.75,5.7834611,381735.0
2003-11-30,3186.4,79.1,5.0,5.6614578,381735.0
2003-12-31,3299.8,79.5,5.25,5.6812782,387204.0
2004-01-31,3272.0,79.5,5.25,5.5307067,387204.0
2004-02-29,3360.6,79.5,5.25,5.6428884,387204.0
2004-03-31,3415.3,80.2,5.25,5.4374296,391442.0
2004-04-30,3400.8,80.2,5.25,5.5070372,391442.0
2004-05-31,3460.2,80.2,5.25,5.3366531,391442.0
2004-06-30,3532.9,80.6,5.25,5.4631332,394271.0
2004-07-31,3536.1,80.6,5.25,5.5504074,394271.0
2004-08-31,3552.7,80.6,5.25,5.5170727,394271.0
2004-09-30,3665.0,80.9,5.25,5.3704913,396975.0
2004-10-31,3778.6,80.9,5.25,5.1227038,396975.0
2004-11-30,3931.3,80.9,5.25,5.1611265,396975.0
2004-12-31,4050.6,81.5,5.25,5.0684663,399810.0
2005-01-31,4107.3,81.5,5.25,5.0738978,399810.0
2005-02-28,4172.8,81.5,5.25,5.0840771,399810.0
2005-03-31,4109.8,82.1,5.5,5.1626515,402627.0
2005-04-30,3983.2,82.1,5.5,5.1218231,402627.0
2005-05-31,4106.4,82.1,5.5,5.0992911,402627.0
2005-06-30,4277.5,82.6,5.5,4.949913,405824.0
2005-07-31,4388.8,82.6,5.5,4.9719049,405824.0
2005-08-31,4446.8,82.6,5.5,4.9013484,405824.0
2005-09-30,4641.2,83.4,5.5,5.0021059,409120.0
2005-10-31,4459.7,83.4,5.5,5.0157327,409120.0
2005-11-30,4634.8,83.4,5.5,4.9378368,409120.0
2005-12-31,4763.4,83.8,5.5,5.0697389,411489.0
2006-01-31,4929.6,83.8,5.5,5.1632076,411489.0
2006-02-28,4921.3,83.8,5.5,5.1034776,411489.0
2006-03-31,5129.7,84.5,5.5,4.8669728,413108.0
2006-04-30,5258.8,84.5,5.5,4.9654783,413108.0
2006-05-31,5001.7,84.5,5.75,4.7980422,413108.0
2006-06-30,5073.9,85.9,5.75,4.8080656,415365.0
2006-07-31,4986.0,85.9,5.75,4.6566469,415365.0
2006-08-31,5115.4,85.9,6.0,4.7121535,415365.0
2006-09-30,5154.1,86.7,6.0,4.6659743,419800.0
2006-10-31,5384.4,86.7,6.0,4.4632424,419800.0
2006-11-30,5482.1,86.7,6.25,4.5149528,419800.0
2006-12-31,5669.9,86.6,6.25,4.5679794,425420.0
2007-01-31,5773.4,86.6,6.25,4.5549561,425420.0
2007-02-28,5832.5,86.6,6.25,4.6344611,425420.0
2007-03-31,5995.0,86.6,6.25,4.4595612,430675.0
2007-04-30,6166.0,86.6,6.25,4.3859287,430675.0
2007-05-31,6313.5,86.6,6.25,4.2643262,430675.0
2007-06-30,6274.9,87.7,6.25,4.3240731,434764.0
2007-07-31,6144.2,87.7,6.25,4.2531623,434764.0
2007-08-31,6247.2,87.7,6.5,4.2990171,434764.0
2007-09-30,6567.8,88.3,6.5,4.2133263,438382.0
2007-10-31,6754.1,88.3,6.5,4.3262654,438382.0
2007-11-30,6533.1,88.3,6.75,4.4266764,438382.0
2007-12-31,6339.8,89.1,6.75,4.3083623,441677.0
2008-01-31,5650.3,89.1,6.75,4.2205153,441677.0
2008-02-29,5572.1,89.1,7.0,3.9789986,441677.0
2008-03-31,5355.7,90.3,7.25,4.0570186,444957.0
2008-04-30,5595.4,90.3,7.25,4.2654657,444957.0
2008-05-31,5654.7,90.3,7.25,4.2662514,444957.0
2008-06-30,5215.3,91.6,7.25,4.2435125,447248.0
2008-07-31,4977.4,91.6,7.25,4.2502359,447248.0
2008-08-31,5135.6,91.6,7.25,4.015384,447248.0
2008-09-30,4600.5,92.7,7.0,4.2892016,448638.0
2008-10-31,4018.0,92.7,6.0,4.2901873,448638.0
2008-11-30,3742.5,92.7,5.25,4.4627215,448638.0
2008-12-31,3722.3,92.4,4.25,4.5700663,449924.0
2009-01-31,3540.7,92.4,4.25,4.9076892,449924.0
2009-02-28,3344.5,92.4,3.25,5.3023199,449924.0
2009-03-31,3582.1,92.5,3.25,5.7111773,452020.0
2009-04-30,3780.5,92.5,3.0,5.513076,452020.0
2009-05-31,3818.0,92.5,3.0,5.8118951,452020.0
2009-06-30,3954.9,92.9,3.0,5.8615104,454804.0
2009-07-31,4244.0,92.9,3.0,5.6725683,454804.0
2009-08-31,4479.1,92.9,3.0,5.714906,454804.0
2009-09-30,4743.6,93.8,3.0,5.6619233,457738.0
2009-10-31,4643.2,93.8,3.25,5.6237066,457738.0
2009-11-30,4701.4,93.8,3.5,5.5583951,457738.0
2009-12-31,4870.6,94.3,3.75,5.491211,460212.0
2010-01-31,4569.6,94.3,3.75,5.266497,460212.0
2010-02-28,4637.7,94.3,3.75,5.2977316,460212.0
2010-03-31,4875.5,95.2,4.0,5.4224619,462845.0
2010-04-30,4807.4,95.2,4.25,5.49868,462845.0
2010-05-31,4429.7,95.2,4.5,5.2295147,462845.0
2010-06-30,4301.5,95.8,4.5,5.1441093,465974.0
2010-07-31,4493.5,95.8,4.5,5.2878823,465974.0
2010-08-31,4404.2,95.8,4.5,5.0323801,465974.0
2010-09-30,4582.9,96.5,4.5,5.0543727,468809.0
2010-10-31,4661.6,96.5,4.5,5.2847591,468809.0
2010-11-30,4584.4,96.5,4.75,5.1089641,468809.0
2010-12-31,4745.2,96.9,4.75,4.8769312,471050.0
2011-01-31,4753.9,96.9,4.75,5.0044713,471050.0
2011-02-28,4831.7,96.9,4.75,4.971398,471050.0
2011-03-31,4837.9,98.3,4.75,4.9262683,473498.0
2011-04-30,4823.2,98.3,4.75,4.9594447,473498.0
2011-05-31,4708.3,98.3,4.75,5.0131358,473498.0
2011-06-30,4608.0,99.2,4.75,4.9166226,477494.0
2011-07-31,4424.6,99.2,4.75,5.0924667,477494.0
2011-08-31,4296.5,99.2,4.75,5.270367,477494.0
2011-09-30,4008.6,99.8,4.75,5.2218056,483212.0
2011-10-31,4298.1,99.8,4.75,5.1876014,483212.0
2011-11-30,4119.8,99.8,4.5,5.23103,483212.0
2011-12-31,4056.6,99.8,4.25,5.1967166,489176.0
2012-01-31,4262.7,99.8,4.25,5.0497771,489176.0
2012-02-29,4298.5,99.8,4.25,5.1912399,489176.0
2012-03-31,4335.2,99.9,4.25,5.1829199,493879.0
2012-04-30,4396.6,99.9,4.25,4.9946778,493879.0
2012-05-31,4076.3,99.9,3.75,5.2002169,493879.0
2012-06-30,4094.6,100.4,3.5,5.1623905,497540.0
2012-07-31,4269.2,100.4,3.5,5.1818402,497540.0
2012-08-31,4316.1,100.4,3.5,5.1572921,497540.0
2012-09-30,4387.0,101.8,3.5,5.4884692,500463.0
2012-10-31,4517.0,101.8,3.25,5.4103302,500463.0
2012-11-30,4506.0,101.8,3.25,5.2567814,500463.0
2012-12-31,4649.0,102.0,3.0,5.432024,502775.0
2013-01-31,4878.8,102.0,3.0,5.3931111,502775.0
2013-02-28,5104.1,102.0,3.0,5.393854,502775.0
2013-03-31,4966.5,102.4,3.0,5.640179,504992.0
2013-04-30,5191.2,102.4,3.0,5.5888395,504992.0
2013-05-31,4926.6,102.4,2.75,5.6094315,504992.0
2013-06-30,4802.6,102.8,2.75,5.694882,507688.0
2013-07-31,5052.0,102.8,2.75,5.6351953,507688.0
2013-08-31,5135.0,102.8,2.5,5.8439646,507688.0
2013-09-30,5218.9,104.0,2.5,5.7065452,511255.0
2013-10-31,5425.5,104.0,2.5,5.823153,511255.0
2013-11-30,5320.1,104.0,2.5,5.7965871,511255.0
2013-12-31,5352.2,104.8,2.5,5.8999543,515317.0
2014-01-31,5190.0,104.8,2.5,5.9465316,515317.0
2014-02-28,5404.8,104.8,2.5,5.8751116,515317.0
2014-03-31,5394.8,105.4,2.5,5.8749687,519081.0
2014-04-30,5489.1,105.4,2.5,5.8044355,519081.0
2014-05-31,5492.5,105.4,2.5,5.9295448,519081.0
2014-06-30,5395.7,105.9,2.5,6.0480883,521768.0
2014-07-31,5632.9,105.9,2.5,6.1732617,521768.0
2014-08-31,5625.9,105.9,2.5,6.1004151,521768.0
2014-09-30,5292.8,106.4,2.5,6.2371095,524253.0
2014-10-31,5526.6,106.4,2.5,6.3575116,524253.0
2014-11-30,5313.0,106.4,2.5,6.2969783,524253.0
2014-12-31,5411.0,106.6,2.5,6.1047483,526862.0
2015-01-31,5588.3,106.6,2.5,6.35216,526862.0
2015-02-28,5928.8,106.6,2.25,6.1543643,526862.0
2015-03-31,5891.5,106.8,2.25,6.1033822,529833.0
2015-04-30,5790.0,106.8,2.25,6.1124151,529833.0
2015-05-31,5777.2,106.8,2.0,5.9307004,529833.0
2015-06-30,5459.0,107.5,2.0,6.0070406,533009.0
2015-07-31,5699.2,107.5,2.0,6.2758677,533009.0
2015-08-31,5207.0,107.5,2.0,6.0880557,533009.0
2015-09-30,5021.6,108.0,2.0,6.1747726,536572.0
2015-10-31,5239.4,108.0,2.0,5.9124714,536572.0
2015-11-30,5166.5,108.0,2.0,5.8507453,536572.0
2015-12-31,5295.9,108.4,2.0,5.7397358,540880.0
2016-01-31,5005.5,108.4,2.0,6.0424334,540880.0
2016-02-29,4880.9,108.4,2.0,5.6947461,540880.0
2016-03-31,5082.8,108.2,2.0,5.6535014,544848.0
2016-04-30,5252.2,108.2,2.0,5.6451965,544848.0
2016-05-31,5378.6,108.2,1.75,5.7213311,544848.0
2016-06-30,5233.4,108.6,1.75,5.6946569,547902.0
2016-07-31,5562.4,108.6,1.75,5.6950551,547902.0
2016-08-31,5433.0,108.6,1.5,5.6154562,547902.0
2016-09-30,5435.9,109.4,1.5,5.6656683,550764.0
2016-10-31,5317.7,109.4,1.5,5.5974604,550764.0
2016-11-30,5440.5,109.4,1.5,5.7673712,550764.0
2016-12-31,5665.8,110.0,1.5,5.834847,553685.0
2017-01-31,5620.9,110.0,1.5,5.6859571,553685.0
2017-02-28,5712.2,110.0,1.5,5.8925842,553685.0
2017-03-31,5864.9,110.5,1.5,5.8464175,557220.0
2017-04-30,5924.1,110.5,1.5,5.6087761,557220.0
2017-05-31,5724.6,110.5,1.5,5.546738,557220.0
2017-06-30,5721.5,110.7,1.5,5.6222133,560822.0
2017-07-31,5720.6,110.7,1.5,5.6075371,560822.0
2017-08-31,5714.5,110.7,1.5,5.5304575,560822.0
2017-09-30,5681.6,111.4,1.5,5.4643357,564483.0
2017-10-31,5909.0,111.4,1.5,5.4048962,564483.0
2017-11-30,5969.9,111.4,1.5,5.4545178,564483.0
2017-12-31,6065.1,112.1,1.5,5.614605,568947.0
2018-01-31,6037.7,112.1,1.5,5.5268266,568947.0
2018-02-28,6016.0,112.1,1.5,5.5798548,568947.0
2018-03-31,5759.4,112.6,1.5,5.5313903,573477.0
2018-04-30,5982.7,112.6,1.5,5.5450279,573477.0
2018-05-31,6011.9,112.6,1.5,5.4343138,573477.0
2018-06-30,6194.6,113.0,1.5,5.3415952,577244.0
2018-07-31,6280.2,113.0,1.5,5.2976145,577244.0
2018-08-31,6319.5,113.0,1.5,5.2450526,577244.0
2018-09-30,6207.6,113.5,1.5,5.0202178,580114.0
2018-10-31,5830.3,113.5,1.5,5.003989,580114.0
2018-11-30,5667.2,113.5,1.5,5.1093974,580114.0
2018-12-31,5646.4,114.1,1.5,5.0153473,582354.0
2019-01-31,5864.7,114.1,1.5,5.0471619,582354.0
2019-02-28,6169.0,114.1,1.5,4.988671,582354.0
2019-03-31,6180.7,114.1,1.5,5.0906508,584865.0
2019-04-30,6325.5,114.1,1.5,5.2209215,584865.0
2019-05-31,6396.9,114.1,1.5,5.1930505,584865.0
2019-06-30,6618.8,114.8,1.25,5.2597312,
2019-07-31,6812.6,114.8,1.0,5.2798931,
2019-08-31,6604.2,114.8,1.0,5.2599122,
2019-09-30,6688.3,115.4,1.0,5.2294924,
2019-10-31,6663.4,115.4,0.75,5.3051407,
2019-11-30,6846.0,115.4,0.75,5.1729083,
2019-12-31,6684.1,116.2,0.75,5.0353382,
2020-01-31,7017.2,116.2,0.75,5.2477452,
2020-02-29,6441.2,116.2,0.75,5.1070156,
2020-03-31,5076.8,116.6,0.25,5.1983681,
2020-04-30,5522.4,116.6,0.25,6.3050589,
2020-05-31,5755.7,116.6,0.25,6.9826282,
2020-06-30,5897.9,114.4,0.25,7.4249075,
2020-07-31,5927.8,114.4,0.25,7.4434502,
2020-08-31,6060.5,114.4,0.25,6.7986526,
2020-09-30,5815.9,116.2,0.25,6.932668,
2020-10-31,5927.6,116.2,0.25,6.9563612,
2020-11-30,6517.8,116.2,0.1,6.8115239,
2020-12-31,6587.1,117.2,0.1,6.5464371,
2021-01-31,6607.4,117.2,0.1,6.2735812,
2021-02-28,6673.3,117.2,0.1,5.8425928,
2021-03-31,6790.7,117.9,0.1,5.6689758,
2021-04-30,7025.8,117.9,0.1,5.4764009,
2021-05-31,7161.6,117.9,0.1,5.1038744,
2021-06-30,7313.0,118.8,0.1,5.0250017,
2021-07-31,7392.6,118.8,0.1,4.7287144,
2021-08-31,7534.9,118.8,0.1,4.5772368,
2021-09-30,7332.2,119.7,0.1,4.711603,
2021-10-31,7323.7,119.7,0.1,5.2435535,
2021-11-30,7256.0,119.7,0.1,4.6338347,
2021-12-31,7444.6,121.3,0.1,4.1997425,
2022-01-31,6971.6,121.3,0.1,4.1611149,
2022-02-28,7049.1,121.3,0.1,4.0296121,
2022-03-31,7499.6,123.9,0.1,3.9761732,
2022-04-30,7435.0,123.9,0.1,3.8642386,
2022-05-31,7211.2,123.9,0.35,3.9322919,
2022-06-30,6568.1,126.1,0.85,3.6088268,
2022-07-31,6945.2,126.1,1.35,3.452249,
2022-08-31,6986.8,126.1,1.85,3.5322579,
2022-09-30,6474.2,128.4,2.35,3.6093627,
2022-10-31,6863.5,128.4,2.6,3.4425143,
2022-11-30,7284.2,128.4,2.85,3.5160043,
2022-12-31,7038.7,130.8,3.1,3.5156666,
2023-01-31,7476.7,130.8,3.1,3.6590848,
2023-02-28,7258.4,130.8,3.35,3.6064226,
2023-03-31,7177.8,132.6,3.6,3.5828691,
2023-04-30,7309.2,132.6,3.6,3.7213092,
2023-05-31,7091.3,132.6,3.85,3.5806394,
2023-06-30,7203.3,133.7,4.1,3.52284,
2023-07-31,7410.4,133.7,4.1,3.7199767,
2023-08-31,7305.3,133.7,4.1,3.6848489,
2023-09-30,7048.6,135.3,4.1,3.5718914,
2023-10-31,6780.7,135.3,4.1,3.7850762,
2023-11-30,7087.3,135.3,4.35,3.9327359,
2023-12-31,7590.8,136.1,4.35,3.9713346,
2024-01-31,7680.7,136.1,4.35,4.0893377,
2024-02-29,7698.7,136.1,4.35,3.7341005,
2024-03-31,7896.9,137.4,4.35,3.8803136,
2024-04-30,7664.1,137.4,4.35,4.1085391,
2024-05-31,7701.7,137.4,4.35,3.9955292,
2024-06-30,7767.5,138.8,4.35,4.0396682,
2024-07-31,8092.3,138.8,4.35,4.2046628,
2024-08-31,8091.9,138.8,4.35,4.1358189,
2024-09-30,8269.8,139.1,4.35,4.0325831,
2024-10-31,8160.0,139.1,4.35,4.1001392,
2024-11-30,8436.2,139.1,4.35,3.937393,
2024-12-31,8159.1,139.4,4.35,3.9715166,
2025-01-31,8532.3,139.4,4.35,4.1119345,
2025-02-28,8172.4,139.4,4.1,4.0597753,
2025-03-31,7843.4,140.7,4.1,4.0606803,
2025-04-30,8126.2,140.7,4.1,4.0849048,
2025-05-31,8434.7,140.7,3.85,4.0931711,
2025-06-30,8542.3,141.7,3.85,4.3228571,
2025-07-31,8742.8,141.7,3.85,4.2531123,
2025-08-31,8973.1,141.7,3.6,4.2553924,
2025-09-30,8848.8,143.6,,4.4633121,
2025-10-31,8881.9,,,,
2025-11-30,8790.4,,,,
